tenant,application,list_count,sql_count,difference,status,error_detail
alsumri,observations,34,35,-1,FAIL,
alsumri,actionmanagements,15,15,0,PASS,
alsumri,auditsmanagements,5,5,0,PASS,
alsumri,customercomplaints,1,1,0,PASS,
alsumri,hseplandetails,4,4,0,PASS,
alsumri,incidentmanagement,2,2,0,PASS,
alsumri,inspectionmanagements,9,9,0,PASS,
alsumri,vehicle_inspections,11,11,0,PASS,
alsumri,meetingmanagements,8,8,0,PASS,
alsumri,riskmanagements,13,13,0,PASS,
alsumri,trainingmanagements,2,2,0,PASS,
alsumri,mocnonconformances,3,3,0,PASS,
barik,observations,99,99,0,PASS,
barik,actionmanagements,283,287,-4,FAIL,
barik,auditsmanagements,101,5,96,FAIL,
barik,hsemonthlystatistics,7,7,0,PASS,
barik,incidentmanagement,65,67,-2,FAIL,
barik,inspectionmanagements,109,109,0,PASS,
barik,meetingmanagements,26,26,0,PASS,
barik,permittoworks,40,40,0,PASS,
barik,riskmanagements,14,0,14,FAIL,
barik,trainingmanagements,3,4,-1,FAIL,
barik,mocnonconformances,7,0,7,FAIL,
oneic,observations,10,10,0,PASS,
oneic,actionmanagements,19,19,0,PASS,
oneic,auditsmanagements,18,18,0,PASS,
oneic,hsemonthlystatistics,40,40,0,PASS,
oneic,incidentmanagement,3,3,0,PASS,
oneic,inspectionmanagements,11,11,0,PASS,
oapil,actionmanagements,33,33,0,PASS,
oapil,eightdreports,19,19,0,PASS,
oapil,auditsmanagements,18,18,0,PASS,
oapil,incidentmanagement,9,9,0,PASS,
oapil,nonconformances,19,19,0,PASS,
sos,observations,960,1026,-66,FAIL,
sos,actionmanagements,999,1064,-65,FAIL,
sos,auditsmanagements,446,483,-37,FAIL,
sos,customercomplaints,50,50,0,PASS,
sos,hsemonthlystatistics,6,6,0,PASS,
sos,incidentmanagement,585,608,-23,FAIL,
sos,inspectionmanagements,388,388,0,PASS,
sos,managementofchanges,22,22,0,PASS,
sos,meetingmanagements,40,43,-3,FAIL,
sos,riskmanagements,57,57,0,PASS,
sos,surveymanagements,7,7,0,PASS,
sos,trainingmanagements,2173,2182,-9,FAIL,
sos,mocnonconformances,14,14,0,PASS,
omancables,observations,18,18,0,PASS,
omancables,actionmanagements,67,67,0,PASS,
omancables,eightdreports,66,70,-4,FAIL,
omancables,auditsmanagements,117,118,-1,FAIL,
omancables,incidentmanagement,31,31,0,PASS,
omancables,inspectionmanagements,24,24,0,PASS,
omancables,nonconformances,3,3,0,PASS,
qia,actionmanagements,68,68,0,PASS,
qia,auditsmanagements,21,21,0,PASS,
qia,hsemonthlystatistics,2,2,0,PASS,
qia,incidentmanagement,7,7,0,PASS,
qia,inspectionmanagements,17,17,0,PASS,
qia,nonconformances,3,3,0,PASS,
albaraka,observations,10,10,0,PASS,
albaraka,actionmanagements,63,63,0,PASS,
albaraka,auditsmanagements,35,35,0,PASS,
albaraka,hseplandetails,7,7,0,PASS,
albaraka,incidentmanagement,16,16,0,PASS,
albaraka,inspectionmanagements,26,26,0,PASS,
albaraka,managementofchanges,13,13,0,PASS,
albaraka,meetingmanagements,16,10,6,FAIL,
albaraka,surveymanagements,1,1,0,PASS,
albaraka,trainingmanagements,13418,13483,-65,FAIL,
bunduq,observations,86,86,0,PASS,
bunduq,actionmanagements,102,102,0,PASS,
synergies,observations,899,891,8,FAIL,
synergies,actionmanagements,471,279,192,FAIL,
synergies,auditsmanagements,133,139,-6,FAIL,
synergies,hsemonthlystatistics,64,64,0,PASS,
synergies,incidentmanagement,83,83,0,PASS,
synergies,inspectionmanagements,97,97,0,PASS,
ndsc,observations,157,158,-1,FAIL,
ndsc,auditsmanagements,84,84,0,PASS,
ndsc,riskmanagements,65,69,-4,FAIL,
ndsc,ofis,97,108,-11,FAIL,
ajbanpv3,observations,16,16,0,PASS,
ajbanpv3,actionmanagements,14,16,-2,FAIL,
ajbanpv3,auditsmanagements,15,15,0,PASS,
ajbanpv3,hsemonthlystatistics,17,17,0,PASS,
ajbanpv3,incidentmanagement,13,13,0,PASS,
ajbanpv3,inspectionmanagements,20,20,0,PASS,
